[{"inspection_type":"BAIT","job_ticket_or_work_order_id":"2893761","job_id":"PC8051423","job_progress":"4","bbl":"3012010035","boro_code":"3","block":"01201","lot":"0035","house_number":"60","street_name":"NEW YORK AVENUE","zip_code":"11216","latitude":"40.677994312642","longitude":"-73.94695934737","borough":"Brooklyn","inspection_date":"2023-04-13T09:25:51.000","result":"Bait applied","approved_date":"2023-04-13T14:28:08.000","location":{"latitude":"40.677994312642","longitude":"-73.94695934737","human_address":"{\"address\": \"\", \"city\": \"\", \"state\": \"\", \"zip\": \"\"}"}}
,{"inspection_type":"BAIT","job_ticket_or_work_order_id":"2893762","job_id":"PC8055470","job_progress":"4","bbl":"3012010037","boro_code":"3","block":"01201","lot":"0037","house_number":"62","street_name":"NEW YORK AVENUE","zip_code":"11216","latitude":"40.677939420475","longitude":"-73.94696660172","borough":"Brooklyn","inspection_date":"2023-04-13T09:42:08.000","result":"Bait applied","approved_date":"2023-04-13T14:27:25.000","location":{"latitude":"40.677939420475","longitude":"-73.94696660172","human_address":"{\"address\": \"\", \"city\": \"\", \"state\": \"\", \"zip\": \"\"}"}}
,{"inspection_type":"BAIT","job_ticket_or_work_order_id":"2893764","job_id":"PC8051693","job_progress":"4","bbl":"3012010056","boro_code":"3","block":"01201","lot":"0056","house_number":"1329","street_name":"PACIFIC STREET","zip_code":"11216","latitude":"40.677572218667","longitude":"-73.948275597737","borough":"Brooklyn","inspection_date":"2023-04-13T11:32:14.000","result":"Bait applied","approved_date":"2023-04-13T14:25:44.000","location":{"latitude":"40.677572218667","longitude":"-73.948275597737","human_address":"{\"address\": \"\", \"city\": \"\", \"state\": \"\", \"zip\": \"\"}"}}
,{"inspection_type":"BAIT","job_ticket_or_work_order_id":"2893765","job_id":"PC8051407","job_progress":"4","bbl":"3012010057","boro_code":"3","block":"01201","lot":"0057","house_number":"1327","street_name":"PACIFIC STREET","zip_code":"11216","latitude":"40.677574987835","longitude":"-73.948329674215","borough":"Brooklyn","inspection_date":"2023-04-13T11:47:21.000","result":"Bait applied","approved_date":"2023-04-13T14:24:56.000","location":{"latitude":"40.677574987835","longitude":"-73.948329674215","human_address":"{\"address\": \"\", \"city\": \"\", \"state\": \"\", \"zip\": \"\"}"}}
,{"inspection_type":"BAIT","job_ticket_or_work_order_id":"2893766","job_id":"PC8051084","job_progress":"4","bbl":"3012010077","boro_code":"3","block":"01201","lot":"0077","house_number":"567","street_name":"NOSTRAND AVENUE","zip_code":"11216","latitude":"40.677899494968","longitude":"-73.949731867899","borough":"Brooklyn","inspection_date":"2023-04-13T08:30:36.000","result":"Bait applied","approved_date":"2023-04-13T14:24:23.000","location":{"latitude":"40.677899494968","longitude":"-73.949731867899","human_address":"{\"address\": \"\", \"city\": \"\", \"state\": \"\", \"zip\": \"\"}"}}
,{"inspection_type":"BAIT","job_ticket_or_work_order_id":"2893778","job_id":"PC7849898","job_progress":"9","bbl":"3012100004","boro_code":"3","block":"01210","lot":"0004","house_number":"95","street_name":"KINGSTON AVENUE","zip_code":"11213","latitude":"40.676679652372","longitude":"-73.941498528426","borough":"Brooklyn","inspection_date":"2023-04-13T14:15:30.000","result":"Bait applied","approved_date":"2023-04-13T14:15:22.000","location":{"latitude":"40.676679652372","longitude":"-73.941498528426","human_address":"{\"address\": \"\", \"city\": \"\", \"state\": \"\", \"zip\": \"\"}"}}
,{"inspection_type":"BAIT","job_ticket_or_work_order_id":"2893660","job_id":"PC7893446","job_progress":"9","bbl":"2030620006","boro_code":"2","block":"03062","lot":"0006","house_number":"2112","street_name":"QUARRY ROAD","zip_code":"10457","latitude":"40.85101961376","longitude":"-73.893500692355","borough":"Bronx","inspection_date":"2023-04-10T13:59:00.000","result":"Monitoring visit","approved_date":"2023-04-13T11:50:32.000","location":{"latitude":"40.85101961376","longitude":"-73.893500692355","human_address":"{\"address\": \"\", \"city\": \"\", \"state\": \"\", \"zip\": \"\"}"}}
,{"inspection_type":"Compliance","job_ticket_or_work_order_id":"13617544","job_id":"PC7864153","job_progress":"4","bbl":"3081730024","boro_code":"3","block":"08173","lot":"0024","house_number":"633","street_name":"EAST 104 STREET","zip_code":"11236","latitude":"40.649690277163","longitude":"-73.898349593041","borough":"Brooklyn","inspection_date":"2023-04-10T14:41:40.000","result":"Rat Activity","approved_date":"2023-04-13T10:01:55.000","location":{"latitude":"40.649690277163","longitude":"-73.898349593041","human_address":"{\"address\": \"\", \"city\": \"\", \"state\": \"\", \"zip\": \"\"}"}}
,{"inspection_type":"BAIT","job_ticket_or_work_order_id":"2893514","job_id":"PC8028684","job_progress":"4","bbl":"1018430022","boro_code":"1","block":"01843","lot":"0022","house_number":"15","street_name":"WEST  107 STREET","zip_code":"10025","latitude":"40.798986085116","longitude":"-73.960164988464","borough":"Manhattan","inspection_date":"2023-04-12T10:40:00.000","result":"Bait applied","approved_date":"2023-04-13T09:18:22.000","location":{"latitude":"40.798986085116","longitude":"-73.960164988464","human_address":"{\"address\": \"\", \"city\": \"\", \"state\": \"\", \"zip\": \"\"}"}}
,{"inspection_type":"BAIT","job_ticket_or_work_order_id":"2893681","job_id":"PC8030588","job_progress":"4","bbl":"1019590001","boro_code":"1","block":"01959","lot":"0001","house_number":"480","street_name":"ST NICHOLAS AVENUE","zip_code":"10030","latitude":"40.816144322693","longitude":"-73.948449278628","borough":"Manhattan","inspection_date":"2023-04-12T14:00:00.000","result":"Monitoring visit","approved_date":"2023-04-13T08:55:25.000","location":{"latitude":"40.816144322693","longitude":"-73.948449278628","human_address":"{\"address\": \"\", \"city\": \"\", \"state\": \"\", \"zip\": \"\"}"}}
,{"inspection_type":"BAIT","job_ticket_or_work_order_id":"2893579","job_id":"PC8047008","job_progress":"4","bbl":"1019110004","boro_code":"1","block":"01911","lot":"0004","house_number":"173","street_name":"WEST 126 STREET","zip_code":"10027","latitude":"40.809221338779","longitude":"-73.946832693471","borough":"Manhattan","inspection_date":"2023-04-12T10:12:06.000","result":"Bait applied","approved_date":"2023-04-13T08:47:01.000","location":{"latitude":"40.809221338779","longitude":"-73.946832693471","human_address":"{\"address\": \"\", \"city\": \"\", \"state\": \"\", \"zip\": \"\"}"}}
,{"inspection_type":"BAIT","job_ticket_or_work_order_id":"2893581","job_id":"PC8054228","job_progress":"4","bbl":"1020380009","boro_code":"1","block":"02038","lot":"0009","house_number":"67","street_name":"Macombs Place","zip_code":"10039","latitude":"40.826942039663","longitude":"-73.937217764501","borough":"Manhattan","inspection_date":"2023-04-12T09:10:01.000","result":"Bait applied","approved_date":"2023-04-13T08:46:40.000","location":{"latitude":"40.826942039663","longitude":"-73.937217764501","human_address":"{\"address\": \"\", \"city\": \"\", \"state\": \"\", \"zip\": \"\"}"}}
,{"inspection_type":"BAIT","job_ticket_or_work_order_id":"2893582","job_id":"PC8015897","job_progress":"4","bbl":"1019110019","boro_code":"1","block":"01911","lot":"0019","house_number":"129","street_name":"WEST 126 STREET","zip_code":"10027","latitude":"40.808869618672","longitude":"-73.945991290619","borough":"Manhattan","inspection_date":"2023-04-12T10:28:21.000","result":"Bait applied","approved_date":"2023-04-13T08:46:30.000","location":{"latitude":"40.808869618672","longitude":"-73.945991290619","human_address":"{\"address\": \"\", \"city\": \"\", \"state\": \"\", \"zip\": \"\"}"}}
,{"inspection_type":"BAIT","job_ticket_or_work_order_id":"2893583","job_id":"PC8015734","job_progress":"4","bbl":"1019110119","boro_code":"1","block":"01911","lot":"0119","house_number":"127","street_name":"WEST 126 STREET","zip_code":"10027","latitude":"40.808853133207","longitude":"-73.945955180242","borough":"Manhattan","inspection_date":"2023-04-12T10:52:43.000","result":"Bait applied","approved_date":"2023-04-13T08:46:20.000","location":{"latitude":"40.808853133207","longitude":"-73.945955180242","human_address":"{\"address\": \"\", \"city\": \"\", \"state\": \"\", \"zip\": \"\"}"}}
,{"inspection_type":"BAIT","job_ticket_or_work_order_id":"2893584","job_id":"PC8015914","job_progress":"4","bbl":"1019110024","boro_code":"1","block":"01911","lot":"0024","house_number":"115","street_name":"WEST 126 STREET","zip_code":"10027","latitude":"40.808756958099","longitude":"-73.945724066611","borough":"Manhattan","inspection_date":"2023-04-12T11:06:31.000","result":"Bait applied","approved_date":"2023-04-13T08:45:46.000","location":{"latitude":"40.808756958099","longitude":"-73.945724066611","human_address":"{\"address\": \"\", \"city\": \"\", \"state\": \"\", \"zip\": \"\"}"}}
,{"inspection_type":"BAIT","job_ticket_or_work_order_id":"2893655","job_id":"PC8047769","job_progress":"4","bbl":"1017470001","boro_code":"1","block":"01747","lot":"0001","house_number":"1839","street_name":"MADISON AVENUE","zip_code":"10035","latitude":"40.80264579107","longitude":"-73.942918899762","borough":"Manhattan","inspection_date":"2023-04-12T15:50:57.000","result":"Bait applied","approved_date":"2023-04-13T08:43:08.000","location":{"latitude":"40.80264579107","longitude":"-73.942918899762","human_address":"{\"address\": \"\", \"city\": \"\", \"state\": \"\", \"zip\": \"\"}"}}
,{"inspection_type":"BAIT","job_ticket_or_work_order_id":"2893652","job_id":"PC8047137","job_progress":"4","bbl":"1017090021","boro_code":"1","block":"01709","lot":"0021","house_number":"281","street_name":"PLEASANT AVENUE","zip_code":"10029","latitude":"40.794475141617","longitude":"-73.93358272941","borough":"Manhattan","inspection_date":"2023-04-12T17:20:57.000","result":"Bait applied","approved_date":"2023-04-13T08:42:29.000","location":{"latitude":"40.794475141617","longitude":"-73.93358272941","human_address":"{\"address\": \"\", \"city\": \"\", \"state\": \"\", \"zip\": \"\"}"}}
,{"inspection_type":"BAIT","job_ticket_or_work_order_id":"2893637","job_id":"PC8068398","job_progress":"4","bbl":"1016360040","boro_code":"1","block":"01636","lot":"0040","house_number":"1982","street_name":"3 AVENUE","zip_code":"10029","latitude":"40.793393454636","longitude":"-73.943349413472","borough":"Manhattan","inspection_date":"2023-04-12T11:10:46.000","result":"Bait applied","approved_date":"2023-04-13T08:39:21.000","location":{"latitude":"40.793393454636","longitude":"-73.943349413472","human_address":"{\"address\": \"\", \"city\": \"\", \"state\": \"\", \"zip\": \"\"}"}}
,{"inspection_type":"BAIT","job_ticket_or_work_order_id":"2893635","job_id":"PC8021843","job_progress":"4","bbl":"1016300063","boro_code":"1","block":"01630","lot":"0063","house_number":"124","street_name":"EAST  103 STREET","zip_code":"10029","latitude":"40.790596185079","longitude":"-73.948389686642","borough":"Manhattan","inspection_date":"2023-04-12T11:25:46.000","result":"Bait applied","approved_date":"2023-04-13T08:38:58.000","location":{"latitude":"40.790596185079","longitude":"-73.948389686642","human_address":"{\"address\": \"\", \"city\": \"\", \"state\": \"\", \"zip\": \"\"}"}}
,{"inspection_type":"BAIT","job_ticket_or_work_order_id":"2892902","job_id":"PC8043471","job_progress":"4","bbl":"2027940042","boro_code":"2","block":"02794","lot":"0042","house_number":"1704","street_name":"MORRIS AVENUE","zip_code":"10457","latitude":"40.844316886495","longitude":"-73.909407224063","borough":"Bronx","inspection_date":"2023-04-12T07:31:40.000","result":"Bait applied","approved_date":"2023-04-13T08:09:16.000","location":{"latitude":"40.844316886495","longitude":"-73.909407224063","human_address":"{\"address\": \"\", \"city\": \"\", \"state\": \"\", \"zip\": \"\"}"}}
,{"inspection_type":"BAIT","job_ticket_or_work_order_id":"2893558","job_id":"PC7995028","job_progress":"9","bbl":"3012280031","boro_code":"3","block":"01228","lot":"0031","house_number":"828","street_name":"ST MARKS AVENUE","zip_code":"11213","latitude":"40.674946918401","longitude":"-73.945483689427","borough":"Brooklyn","inspection_date":"2023-04-12T08:45:09.000","result":"Bait applied","approved_date":"2023-04-12T14:55:40.000","location":{"latitude":"40.674946918401","longitude":"-73.945483689427","human_address":"{\"address\": \"\", \"city\": \"\", \"state\": \"\", \"zip\": \"\"}"}}
,{"inspection_type":"BAIT","job_ticket_or_work_order_id":"2893560","job_id":"PC7995000","job_progress":"9","bbl":"3012280037","boro_code":"3","block":"01228","lot":"0037","house_number":"840","street_name":"ST MARKS AVENUE","zip_code":"11213","latitude":"40.67492754673","longitude":"-73.945152036247","borough":"Brooklyn","inspection_date":"2023-04-12T09:17:09.000","result":"Bait applied","approved_date":"2023-04-12T14:48:51.000","location":{"latitude":"40.67492754673","longitude":"-73.945152036247","human_address":"{\"address\": \"\", \"city\": \"\", \"state\": \"\", \"zip\": \"\"}"}}
,{"inspection_type":"BAIT","job_ticket_or_work_order_id":"2893561","job_id":"PC7991055","job_progress":"9","bbl":"3012310047","boro_code":"3","block":"01231","lot":"0047","house_number":"1430","street_name":"BEDFORD AVENUE","zip_code":"11216","latitude":"40.674256138583","longitude":"-73.953786714307","borough":"Brooklyn","inspection_date":"2023-04-12T09:32:09.000","result":"Bait applied","approved_date":"2023-04-12T14:47:33.000","location":{"latitude":"40.674256138583","longitude":"-73.953786714307","human_address":"{\"address\": \"\", \"city\": \"\", \"state\": \"\", \"zip\": \"\"}"}}
,{"inspection_type":"BAIT","job_ticket_or_work_order_id":"2893573","job_id":"PC7988258","job_progress":"4","bbl":"3012320007","boro_code":"3","block":"01232","lot":"0007","house_number":"1435","street_name":"BEDFORD AVENUE","zip_code":"11216","latitude":"40.674080488907","longitude":"-73.953826492064","borough":"Brooklyn","inspection_date":"2023-04-12T10:12:09.000","result":"Bait applied","approved_date":"2023-04-12T14:25:54.000","location":{"latitude":"40.674080488907","longitude":"-73.953826492064","human_address":"{\"address\": \"\", \"city\": \"\", \"state\": \"\", \"zip\": \"\"}"}}
,{"inspection_type":"BAIT","job_ticket_or_work_order_id":"2893233","job_id":"PC8075413","job_progress":"4","bbl":"1016270033","boro_code":"1","block":"01627","lot":"0033","house_number":"1786","street_name":"3 AVENUE","zip_code":"10029","latitude":"40.787211667691","longitude":"-73.947861473649","borough":"Manhattan","inspection_date":"2023-04-11T14:05:51.000","result":"Bait applied","approved_date":"2023-04-12T12:57:06.000","location":{"latitude":"40.787211667691","longitude":"-73.947861473649","human_address":"{\"address\": \"\", \"city\": \"\", \"state\": \"\", \"zip\": \"\"}"}}
,{"inspection_type":"BAIT","job_ticket_or_work_order_id":"2893287","job_id":"PC8067282","job_progress":"4","bbl":"1004040005","boro_code":"1","block":"00404","lot":"0005","house_number":"502","street_name":"EAST 11 STREET","zip_code":"10009","latitude":"40.728272813895","longitude":"-73.981415217712","borough":"Manhattan","inspection_date":"2023-04-11T11:25:55.000","result":"Bait applied","approved_date":"2023-04-12T12:38:37.000","location":{"latitude":"40.728272813895","longitude":"-73.981415217712","human_address":"{\"address\": \"\", \"city\": \"\", \"state\": \"\", \"zip\": \"\"}"}}
,{"inspection_type":"BAIT","job_ticket_or_work_order_id":"2893286","job_id":"PC8067283","job_progress":"4","bbl":"1004040004","boro_code":"1","block":"00404","lot":"0004","house_number":"170","street_name":"AVENUE A","zip_code":"10009","latitude":"40.728292102291","longitude":"-73.981884251806","borough":"Manhattan","inspection_date":"2023-04-11T11:10:55.000","result":"Bait applied","approved_date":"2023-04-12T12:36:27.000","location":{"latitude":"40.728292102291","longitude":"-73.981884251806","human_address":"{\"address\": \"\", \"city\": \"\", \"state\": \"\", \"zip\": \"\"}"}}
,{"inspection_type":"BAIT","job_ticket_or_work_order_id":"2893285","job_id":"PC8067281","job_progress":"4","bbl":"1004010046","boro_code":"1","block":"00401","lot":"0046","house_number":"535","street_name":"EAST 5 STREET","zip_code":"10009","latitude":"40.724477119155","longitude":"-73.983487151053","borough":"Manhattan","inspection_date":"2023-04-11T12:55:55.000","result":"Bait applied","approved_date":"2023-04-12T12:36:07.000","location":{"latitude":"40.724477119155","longitude":"-73.983487151053","human_address":"{\"address\": \"\", \"city\": \"\", \"state\": \"\", \"zip\": \"\"}"}}
,{"inspection_type":"BAIT","job_ticket_or_work_order_id":"2893283","job_id":"PC8065109","job_progress":"4","bbl":"1003790032","boro_code":"1","block":"00379","lot":"0032","house_number":"143","street_name":"AVENUE D","zip_code":"10009","latitude":"40.724741883846","longitude":"-73.975268509544","borough":"Manhattan","inspection_date":"2023-04-11T11:55:00.000","result":"Bait applied","approved_date":"2023-04-12T12:35:23.000","location":{"latitude":"40.724741883846","longitude":"-73.975268509544","human_address":"{\"address\": \"\", \"city\": \"\", \"state\": \"\", \"zip\": \"\"}"}}
,{"inspection_type":"CLEAN_UPS","job_ticket_or_work_order_id":"2893374","job_id":"PC8043467","job_progress":"4","bbl":"4119890009","boro_code":"4","block":"11989","lot":"0009","house_number":"115-36","street_name":"INWOOD STREET","zip_code":"11436","latitude":"40.682638264675","longitude":"-73.796911894105","borough":"Queens","inspection_date":"2023-04-11T11:00:00.000","result":"Cleanup done","approved_date":"2023-04-12T11:28:33.000","location":{"latitude":"40.682638264675","longitude":"-73.796911894105","human_address":"{\"address\": \"\", \"city\": \"\", \"state\": \"\", \"zip\": \"\"}"}}
,{"inspection_type":"BAIT","job_ticket_or_work_order_id":"2892057","job_id":"PC7955790","job_progress":"4","bbl":"1019500029","boro_code":"1","block":"01950","lot":"0029","house_number":"302","street_name":"WEST 124 STREET","zip_code":"10027","latitude":"40.80958588868","longitude":"-73.951922301584","borough":"Manhattan","inspection_date":"2023-04-04T08:07:57.000","result":"Bait applied","approved_date":"2023-04-12T11:26:41.000","location":{"latitude":"40.80958588868","longitude":"-73.951922301584","human_address":"{\"address\": \"\", \"city\": \"\", \"state\": \"\", \"zip\": \"\"}"}}
,{"inspection_type":"BAIT","job_ticket_or_work_order_id":"2892058","job_id":"PC7953257","job_progress":"4","bbl":"1019550007","boro_code":"1","block":"01955","lot":"0007","house_number":"305","street_name":"WEST  128 STREET","zip_code":"10027","latitude":"40.812187068641","longitude":"-73.949958794038","borough":"Manhattan","inspection_date":"2023-04-04T08:35:57.000","result":"Bait applied","approved_date":"2023-04-12T11:26:20.000","location":{"latitude":"40.812187068641","longitude":"-73.949958794038","human_address":"{\"address\": \"\", \"city\": \"\", \"state\": \"\", \"zip\": \"\"}"}}
,{"inspection_type":"BAIT","job_ticket_or_work_order_id":"2892060","job_id":"PC7951458","job_progress":"9","bbl":"1019260007","boro_code":"1","block":"01926","lot":"0007","house_number":"204","street_name":"ST NICHOLAS AVENUE","zip_code":"10027","latitude":"40.806959555213","longitude":"-73.952859785788","borough":"Manhattan","inspection_date":"2023-04-04T12:14:57.000","result":"Bait applied","approved_date":"2023-04-12T11:25:39.000","location":{"latitude":"40.806959555213","longitude":"-73.952859785788","human_address":"{\"address\": \"\", \"city\": \"\", \"state\": \"\", \"zip\": \"\"}"}}
,{"inspection_type":"BAIT","job_ticket_or_work_order_id":"2892308","job_id":"PC8024107","job_progress":"4","bbl":"1019390036","boro_code":"1","block":"01939","lot":"0036","house_number":"2278","street_name":"ADAM C POWELL BLVD","zip_code":"10030","latitude":"40.814539438772","longitude":"-73.944267030998","borough":"Manhattan","inspection_date":"2023-04-04T10:25:00.000","result":"Bait applied","approved_date":"2023-04-12T11:07:23.000","location":{"latitude":"40.814539438772","longitude":"-73.944267030998","human_address":"{\"address\": \"\", \"city\": \"\", \"state\": \"\", \"zip\": \"\"}"}}
,{"inspection_type":"BAIT","job_ticket_or_work_order_id":"2892309","job_id":"PC8024106","job_progress":"4","bbl":"1019390061","boro_code":"1","block":"01939","lot":"0061","house_number":"2504","street_name":"FREDERICK DOUGLASS BLVD","zip_code":"10030","latitude":"40.81563595744","longitude":"-73.947156309365","borough":"Manhattan","inspection_date":"2023-04-04T12:28:00.000","result":"Bait applied","approved_date":"2023-04-12T11:06:59.000","location":{"latitude":"40.81563595744","longitude":"-73.947156309365","human_address":"{\"address\": \"\", \"city\": \"\", \"state\": \"\", \"zip\": \"\"}"}}
,{"inspection_type":"BAIT","job_ticket_or_work_order_id":"2892311","job_id":"PC8024105","job_progress":"4","bbl":"1019390061","boro_code":"1","block":"01939","lot":"0061","house_number":"2504","street_name":"FREDERICK DOUGLASS BLVD","zip_code":"10030","latitude":"40.81563595744","longitude":"-73.947156309365","borough":"Manhattan","inspection_date":"2023-04-04T10:48:00.000","result":"Bait applied","approved_date":"2023-04-12T11:06:06.000","location":{"latitude":"40.81563595744","longitude":"-73.947156309365","human_address":"{\"address\": \"\", \"city\": \"\", \"state\": \"\", \"zip\": \"\"}"}}
,{"inspection_type":"BAIT","job_ticket_or_work_order_id":"2892320","job_id":"PC8013333","job_progress":"4","bbl":"1018630060","boro_code":"1","block":"01863","lot":"0060","house_number":"172","street_name":"WEST  109 STREET","zip_code":"10025","latitude":"40.801956964259","longitude":"-73.963352603777","borough":"Manhattan","inspection_date":"2023-04-05T12:40:00.000","result":"Monitoring visit","approved_date":"2023-04-12T11:03:10.000","location":{"latitude":"40.801956964259","longitude":"-73.963352603777","human_address":"{\"address\": \"\", \"city\": \"\", \"state\": \"\", \"zip\": \"\"}"}}
,{"inspection_type":"BAIT","job_ticket_or_work_order_id":"2893049","job_id":"PC8046192","job_progress":"4","bbl":"1003760018","boro_code":"1","block":"00376","lot":"0018","house_number":"250","street_name":"EAST 7 STREET","zip_code":"10009","latitude":"40.723710411443","longitude":"-73.978017997132","borough":"Manhattan","inspection_date":"2023-04-10T13:16:00.000","result":"Monitoring visit","approved_date":"2023-04-12T10:00:45.000","location":{"latitude":"40.723710411443","longitude":"-73.978017997132","human_address":"{\"address\": \"\", \"city\": \"\", \"state\": \"\", \"zip\": \"\"}"}}
,{"inspection_type":"BAIT","job_ticket_or_work_order_id":"2893051","job_id":"PC8038429","job_progress":"4","bbl":"1003110013","boro_code":"1","block":"00311","lot":"0013","house_number":"357","street_name":"GRAND STREET","zip_code":"10002","latitude":"40.716655196989","longitude":"-73.989040829164","borough":"Manhattan","inspection_date":"2023-04-10T09:50:00.000","result":"Bait applied","approved_date":"2023-04-12T09:59:43.000","location":{"latitude":"40.716655196989","longitude":"-73.989040829164","human_address":"{\"address\": \"\", \"city\": \"\", \"state\": \"\", \"zip\": \"\"}"}}
,{"inspection_type":"BAIT","job_ticket_or_work_order_id":"2893220","job_id":"PC8018107","job_progress":"4","bbl":"1018360047","boro_code":"1","block":"01836","lot":"0047","house_number":"20","street_name":"WEST  101 STREET","zip_code":"10025","latitude":"40.795210336126","longitude":"-73.963240759704","borough":"Manhattan","inspection_date":"2023-04-07T11:09:34.000","result":"Bait applied","approved_date":"2023-04-12T09:42:47.000","location":{"latitude":"40.795210336126","longitude":"-73.963240759704","human_address":"{\"address\": \"\", \"city\": \"\", \"state\": \"\", \"zip\": \"\"}"}}
,{"inspection_type":"BAIT","job_ticket_or_work_order_id":"2893221","job_id":"PC8022378","job_progress":"4","bbl":"1018690136","boro_code":"1","block":"01869","lot":"0136","house_number":"202","street_name":"WEST   98 STREET","zip_code":"10025","latitude":"40.79545924552","longitude":"-73.96968380642","borough":"Manhattan","inspection_date":"2023-04-07T11:35:34.000","result":"Monitoring visit","approved_date":"2023-04-12T09:42:20.000","location":{"latitude":"40.79545924552","longitude":"-73.96968380642","human_address":"{\"address\": \"\", \"city\": \"\", \"state\": \"\", \"zip\": \"\"}"}}
,{"inspection_type":"BAIT","job_ticket_or_work_order_id":"2893223","job_id":"PC8023568","job_progress":"4","bbl":"1012470047","boro_code":"1","block":"01247","lot":"0047","house_number":"328","street_name":"WEST 86 STREET","zip_code":"10024","latitude":"40.789428399864","longitude":"-73.979184340239","borough":"Manhattan","inspection_date":"2023-04-07T11:59:34.000","result":"Bait applied","approved_date":"2023-04-12T09:40:58.000","location":{"latitude":"40.789428399864","longitude":"-73.979184340239","human_address":"{\"address\": \"\", \"city\": \"\", \"state\": \"\", \"zip\": \"\"}"}}
,{"inspection_type":"BAIT","job_ticket_or_work_order_id":"2893366","job_id":"PC8024058","job_progress":"4","bbl":"1010390056","boro_code":"1","block":"01039","lot":"0056","house_number":"340","street_name":"WEST   49 STREET","zip_code":"10019","latitude":"40.762385626658","longitude":"-73.988322135206","borough":"Manhattan","inspection_date":"2023-04-11T10:10:00.000","result":"Bait applied","approved_date":"2023-04-12T09:13:05.000","location":{"latitude":"40.762385626658","longitude":"-73.988322135206","human_address":"{\"address\": \"\", \"city\": \"\", \"state\": \"\", \"zip\": \"\"}"}}
,{"inspection_type":"BAIT","job_ticket_or_work_order_id":"2893363","job_id":"PC7925967","job_progress":"9","bbl":"1007530036","boro_code":"1","block":"00753","lot":"0036","house_number":"383","street_name":"8 AVENUE","zip_code":"10001","latitude":"40.749142675233","longitude":"-73.995690699212","borough":"Manhattan","inspection_date":"2023-04-11T12:15:48.000","result":"Bait applied","approved_date":"2023-04-12T09:12:23.000","location":{"latitude":"40.749142675233","longitude":"-73.995690699212","human_address":"{\"address\": \"\", \"city\": \"\", \"state\": \"\", \"zip\": \"\"}"}}
,{"inspection_type":"BAIT","job_ticket_or_work_order_id":"2893415","job_id":"PC8054181","job_progress":"4","bbl":"1015570035","boro_code":"1","block":"01557","lot":"0035","house_number":"328","street_name":"EAST 95 STREET","zip_code":"10128","latitude":"40.783203821541","longitude":"-73.946756052116","borough":"Manhattan","inspection_date":"2023-04-11T15:35:37.000","result":"Bait applied","approved_date":"2023-04-12T08:55:35.000","location":{"latitude":"40.783203821541","longitude":"-73.946756052116","human_address":"{\"address\": \"\", \"city\": \"\", \"state\": \"\", \"zip\": \"\"}"}}
,{"inspection_type":"BAIT","job_ticket_or_work_order_id":"2893414","job_id":"PC8048694","job_progress":"4","bbl":"1015020056","boro_code":"1","block":"01502","lot":"0056","house_number":"26","street_name":"EAST 91 STREET","zip_code":"10128","latitude":"40.784267615779","longitude":"-73.957068332628","borough":"Manhattan","inspection_date":"2023-04-11T15:55:37.000","result":"Bait applied","approved_date":"2023-04-12T08:55:26.000","location":{"latitude":"40.784267615779","longitude":"-73.957068332628","human_address":"{\"address\": \"\", \"city\": \"\", \"state\": \"\", \"zip\": \"\"}"}}
,{"inspection_type":"BAIT","job_ticket_or_work_order_id":"2893412","job_id":"PC8019787","job_progress":"4","bbl":"1014520048","boro_code":"1","block":"01452","lot":"0048","house_number":"306","street_name":"EAST 78 STREET","zip_code":"10075","latitude":"40.772447951453","longitude":"-73.955101094113","borough":"Manhattan","inspection_date":"2023-04-11T10:20:15.000","result":"Bait applied","approved_date":"2023-04-12T08:55:06.000","location":{"latitude":"40.772447951453","longitude":"-73.955101094113","human_address":"{\"address\": \"\", \"city\": \"\", \"state\": \"\", \"zip\": \"\"}"}}
,{"inspection_type":"BAIT","job_ticket_or_work_order_id":"2893411","job_id":"PC8019667","job_progress":"4","bbl":"1014520047","boro_code":"1","block":"01452","lot":"0047","house_number":"308","street_name":"EAST 78 STREET","zip_code":"10075","latitude":"40.772434214963","longitude":"-73.955068609835","borough":"Manhattan","inspection_date":"2023-04-11T10:50:15.000","result":"Bait applied","approved_date":"2023-04-12T08:54:54.000","location":{"latitude":"40.772434214963","longitude":"-73.955068609835","human_address":"{\"address\": \"\", \"city\": \"\", \"state\": \"\", \"zip\": \"\"}"}}
,{"inspection_type":"BAIT","job_ticket_or_work_order_id":"2893410","job_id":"PC8019543","job_progress":"4","bbl":"1014520040","boro_code":"1","block":"01452","lot":"0040","house_number":"328","street_name":"EAST 78 STREET","zip_code":"10075","latitude":"40.772291354348","longitude":"-73.95472932998","borough":"Manhattan","inspection_date":"2023-04-11T11:05:15.000","result":"Bait applied","approved_date":"2023-04-12T08:54:40.000","location":{"latitude":"40.772291354348","longitude":"-73.95472932998","human_address":"{\"address\": \"\", \"city\": \"\", \"state\": \"\", \"zip\": \"\"}"}}
,{"inspection_type":"BAIT","job_ticket_or_work_order_id":"2893406","job_id":"PC8019771","job_progress":"4","bbl":"1014520030","boro_code":"1","block":"01452","lot":"0030","house_number":"1493","street_name":"1 AVENUE","zip_code":"10075","latitude":"40.771560663458","longitude":"-73.953267636956","borough":"Manhattan","inspection_date":"2023-04-11T12:00:15.000","result":"Bait applied","approved_date":"2023-04-12T08:53:54.000","location":{"latitude":"40.771560663458","longitude":"-73.953267636956","human_address":"{\"address\": \"\", \"city\": \"\", \"state\": \"\", \"zip\": \"\"}"}}
,{"inspection_type":"BAIT","job_ticket_or_work_order_id":"2893405","job_id":"PC8019618","job_progress":"4","bbl":"1014530023","boro_code":"1","block":"01453","lot":"0023","house_number":"1495","street_name":"1 AVENUE","zip_code":"10075","latitude":"40.771758226944","longitude":"-73.953123083363","borough":"Manhattan","inspection_date":"2023-04-11T11:45:15.000","result":"Bait applied","approved_date":"2023-04-12T08:53:39.000","location":{"latitude":"40.771758226944","longitude":"-73.953123083363","human_address":"{\"address\": \"\", \"city\": \"\", \"state\": \"\", \"zip\": \"\"}"}}
,{"inspection_type":"BAIT","job_ticket_or_work_order_id":"2893401","job_id":"PC8019289","job_progress":"4","bbl":"1014680014","boro_code":"1","block":"01468","lot":"0014","house_number":"423","street_name":"EAST 73 STREET","zip_code":"10021","latitude":"40.768193462706","longitude":"-73.954804329599","borough":"Manhattan","inspection_date":"2023-04-11T09:55:15.000","result":"Bait applied","approved_date":"2023-04-12T08:52:47.000","location":{"latitude":"40.768193462706","longitude":"-73.954804329599","human_address":"{\"address\": \"\", \"city\": \"\", \"state\": \"\", \"zip\": \"\"}"}}
,{"inspection_type":"BAIT","job_ticket_or_work_order_id":"2893400","job_id":"PC8019653","job_progress":"4","bbl":"1014670144","boro_code":"1","block":"01467","lot":"0144","house_number":"402","street_name":"EAST 73 STREET","zip_code":"10021","latitude":"40.768317107038","longitude":"-73.955136381304","borough":"Manhattan","inspection_date":"2023-04-11T09:30:15.000","result":"Bait applied","approved_date":"2023-04-12T08:52:31.000","location":{"latitude":"40.768317107038","longitude":"-73.955136381304","human_address":"{\"address\": \"\", \"city\": \"\", \"state\": \"\", \"zip\": \"\"}"}}
,{"inspection_type":"BAIT","job_ticket_or_work_order_id":"2893178","job_id":"PC7902774","job_progress":"9","bbl":"3011730060","boro_code":"3","block":"01173","lot":"0060","house_number":"417","street_name":"SAINT JOHNS PLACE","zip_code":"11238","latitude":"40.673875626615","longitude":"-73.964299279314","borough":"Brooklyn","inspection_date":"2023-04-10T15:17:06.000","result":"Bait applied","approved_date":"2023-04-12T08:15:51.000","location":{"latitude":"40.673875626615","longitude":"-73.964299279314","human_address":"{\"address\": \"\", \"city\": \"\", \"state\": \"\", \"zip\": \"\"}"}}
,{"inspection_type":"BAIT","job_ticket_or_work_order_id":"2893346","job_id":"PC7992100","job_progress":"9","bbl":"3012240038","boro_code":"3","block":"01224","lot":"0038","house_number":"612","street_name":"ST MARKS AVENUE","zip_code":"11216","latitude":"40.675507862165","longitude":"-73.954049018089","borough":"Brooklyn","inspection_date":"2023-04-11T09:45:25.000","result":"Bait applied","approved_date":"2023-04-12T08:03:46.000","location":{"latitude":"40.675507862165","longitude":"-73.954049018089","human_address":"{\"address\": \"\", \"city\": \"\", \"state\": \"\", \"zip\": \"\"}"}}
,{"inspection_type":"BAIT","job_ticket_or_work_order_id":"2893249","job_id":"PC8057714","job_progress":"4","bbl":"3017830004","boro_code":"3","block":"01783","lot":"0004","zip_code":"11205","borough":"Brooklyn","inspection_date":"2023-04-08T12:20:00.000","result":"Monitoring visit","approved_date":"2023-04-12T07:50:59.000"}
,{"inspection_type":"BAIT","job_ticket_or_work_order_id":"2893265","job_id":"PC8019066","job_progress":"9","bbl":"1020310044","boro_code":"1","block":"02031","lot":"0044","house_number":"218","street_name":"WEST 146 STREET","zip_code":"10039","latitude":"40.822655950179","longitude":"-73.939447513844","borough":"Manhattan","inspection_date":"2023-04-09T16:00:00.000","result":"Monitoring visit","approved_date":"2023-04-12T07:37:39.000","location":{"latitude":"40.822655950179","longitude":"-73.939447513844","human_address":"{\"address\": \"\", \"city\": \"\", \"state\": \"\", \"zip\": \"\"}"}}
,{"inspection_type":"Compliance","job_ticket_or_work_order_id":"13617861","job_id":"PC7915783","job_progress":"4","bbl":"1004347502","boro_code":"1","block":"00434","lot":"7502","house_number":"128","street_name":"EAST 7 STREET","zip_code":"10009","latitude":"40.72620913179","longitude":"-73.983944921354","borough":"Manhattan","inspection_date":"2023-04-10T13:59:59.000","result":"Rat Activity","approved_date":"2023-04-11T14:04:12.000","location":{"latitude":"40.72620913179","longitude":"-73.983944921354","human_address":"{\"address\": \"\", \"city\": \"\", \"state\": \"\", \"zip\": \"\"}"}}
,{"inspection_type":"CLEAN_UPS","job_ticket_or_work_order_id":"2891421","job_id":"PC7878952","job_progress":"4","bbl":"3038660065","boro_code":"3","block":"03866","lot":"0065","house_number":"1753","street_name":"LINDEN BOULEVARD","zip_code":"11207","latitude":"40.65758634175","longitude":"-73.897595058086","borough":"Brooklyn","inspection_date":"2023-03-29T09:25:00.000","result":"Cleanup done","approved_date":"2023-04-11T12:42:45.000","location":{"latitude":"40.65758634175","longitude":"-73.897595058086","human_address":"{\"address\": \"\", \"city\": \"\", \"state\": \"\", \"zip\": \"\"}"}}
,{"inspection_type":"CLEAN_UPS","job_ticket_or_work_order_id":"2890592","job_id":"PC7991706","job_progress":"4","bbl":"3081260015","boro_code":"3","block":"08126","lot":"0015","house_number":"64","street_name":"NOLANS LANE","zip_code":"11236","latitude":"40.647223374098","longitude":"-73.908919113614","borough":"Brooklyn","inspection_date":"2023-03-27T09:30:00.000","result":"Cleanup done","approved_date":"2023-04-11T12:23:13.000","location":{"latitude":"40.647223374098","longitude":"-73.908919113614","human_address":"{\"address\": \"\", \"city\": \"\", \"state\": \"\", \"zip\": \"\"}"}}
,{"inspection_type":"BAIT","job_ticket_or_work_order_id":"2893167","job_id":"PC8048698","job_progress":"4","bbl":"1004170076","boro_code":"1","block":"00417","lot":"0076","house_number":"198","street_name":"ALLEN STREET","zip_code":"10002","latitude":"40.722463103703","longitude":"-73.988816194309","borough":"Manhattan","inspection_date":"2023-04-10T12:20:08.000","result":"Bait applied","approved_date":"2023-04-11T12:07:28.000","location":{"latitude":"40.722463103703","longitude":"-73.988816194309","human_address":"{\"address\": \"\", \"city\": \"\", \"state\": \"\", \"zip\": \"\"}"}}
,{"inspection_type":"BAIT","job_ticket_or_work_order_id":"2893166","job_id":"PC8067285","job_progress":"4","bbl":"1004040052","boro_code":"1","block":"00404","lot":"0052","house_number":"307","street_name":"EAST 10 STREET","zip_code":"10009","latitude":"40.727515262035","longitude":"-73.981437077518","borough":"Manhattan","inspection_date":"2023-04-10T10:10:44.000","result":"Bait applied","approved_date":"2023-04-11T12:07:02.000","location":{"latitude":"40.727515262035","longitude":"-73.981437077518","human_address":"{\"address\": \"\", \"city\": \"\", \"state\": \"\", \"zip\": \"\"}"}}
,{"inspection_type":"BAIT","job_ticket_or_work_order_id":"2893165","job_id":"PC8067284","job_progress":"4","bbl":"1004040042","boro_code":"1","block":"00404","lot":"0042","house_number":"327","street_name":"EAST 10 STREET","zip_code":"10009","latitude":"40.727251661795","longitude":"-73.980812977684","borough":"Manhattan","inspection_date":"2023-04-10T10:00:44.000","result":"Bait applied","approved_date":"2023-04-11T12:05:21.000","location":{"latitude":"40.727251661795","longitude":"-73.980812977684","human_address":"{\"address\": \"\", \"city\": \"\", \"state\": \"\", \"zip\": \"\"}"}}
,{"inspection_type":"BAIT","job_ticket_or_work_order_id":"2893137","job_id":"PC8013534","job_progress":"4","bbl":"1019210040","boro_code":"1","block":"01921","lot":"0040","house_number":"110","street_name":"WEST 137 STREET","zip_code":"10030","latitude":"40.815668422002","longitude":"-73.940573849253","borough":"Manhattan","inspection_date":"2023-04-10T10:18:03.000","result":"Bait applied","approved_date":"2023-04-11T11:19:44.000","location":{"latitude":"40.815668422002","longitude":"-73.940573849253","human_address":"{\"address\": \"\", \"city\": \"\", \"state\": \"\", \"zip\": \"\"}"}}
,{"inspection_type":"BAIT","job_ticket_or_work_order_id":"2893136","job_id":"PC8030868","job_progress":"4","bbl":"1019380038","boro_code":"1","block":"01938","lot":"0038","house_number":"202","street_name":"WEST 133 STREET","zip_code":"10030","latitude":"40.814191265178","longitude":"-73.945116301503","borough":"Manhattan","inspection_date":"2023-04-10T09:50:46.000","result":"Bait applied","approved_date":"2023-04-11T11:17:26.000","location":{"latitude":"40.814191265178","longitude":"-73.945116301503","human_address":"{\"address\": \"\", \"city\": \"\", \"state\": \"\", \"zip\": \"\"}"}}
,{"inspection_type":"BAIT","job_ticket_or_work_order_id":"2892809","job_id":"PC7999877","job_progress":"4","bbl":"2025040061","boro_code":"2","block":"02504","lot":"0061","house_number":"958","street_name":"ANDERSON AVENUE","zip_code":"10452","latitude":"40.831355568614","longitude":"-73.92784711333","borough":"Bronx","inspection_date":"2023-04-08T08:37:00.000","result":"Bait applied","approved_date":"2023-04-11T09:45:33.000","location":{"latitude":"40.831355568614","longitude":"-73.92784711333","human_address":"{\"address\": \"\", \"city\": \"\", \"state\": \"\", \"zip\": \"\"}"}}
,{"inspection_type":"BAIT","job_ticket_or_work_order_id":"2892984","job_id":"PC7991471","job_progress":"4","bbl":"3014810035","boro_code":"3","block":"01481","lot":"0035","house_number":"6","street_name":"HOWARD AVENUE","zip_code":"11221","latitude":"40.688582525479","longitude":"-73.921140288895","borough":"Brooklyn","inspection_date":"2023-04-08T12:20:00.000","result":"Monitoring visit","approved_date":"2023-04-11T09:27:19.000","location":{"latitude":"40.688582525479","longitude":"-73.921140288895","human_address":"{\"address\": \"\", \"city\": \"\", \"state\": \"\", \"zip\": \"\"}"}}
,{"inspection_type":"BAIT","job_ticket_or_work_order_id":"2892989","job_id":"PC8043439","job_progress":"9","bbl":"3032000032","boro_code":"3","block":"03200","lot":"0032","house_number":"58","street_name":"ST NICHOLAS AVENUE","zip_code":"11237","latitude":"40.706829328997","longitude":"-73.920491031052","borough":"Brooklyn","inspection_date":"2023-04-08T15:35:00.000","result":"Bait applied","approved_date":"2023-04-11T09:26:17.000","location":{"latitude":"40.706829328997","longitude":"-73.920491031052","human_address":"{\"address\": \"\", \"city\": \"\", \"state\": \"\", \"zip\": \"\"}"}}
,{"inspection_type":"BAIT","job_ticket_or_work_order_id":"2892990","job_id":"PC7989876","job_progress":"4","bbl":"3014780008","boro_code":"3","block":"01478","lot":"0008","house_number":"1320","street_name":"BROADWAY","zip_code":"11221","latitude":"40.690307852665","longitude":"-73.923514551085","borough":"Brooklyn","inspection_date":"2023-04-08T12:00:00.000","result":"Bait applied","approved_date":"2023-04-11T09:25:59.000","location":{"latitude":"40.690307852665","longitude":"-73.923514551085","human_address":"{\"address\": \"\", \"city\": \"\", \"state\": \"\", \"zip\": \"\"}"}}
,{"inspection_type":"BAIT","job_ticket_or_work_order_id":"2892991","job_id":"PC7989824","job_progress":"4","bbl":"3016250010","boro_code":"3","block":"01625","lot":"0010","house_number":"209","street_name":"LEWIS AVENUE","zip_code":"11221","latitude":"40.689239711711","longitude":"-73.936287793519","borough":"Brooklyn","inspection_date":"2023-04-08T14:05:00.000","result":"Bait applied","approved_date":"2023-04-11T09:25:47.000","location":{"latitude":"40.689239711711","longitude":"-73.936287793519","human_address":"{\"address\": \"\", \"city\": \"\", \"state\": \"\", \"zip\": \"\"}"}}
,{"inspection_type":"BAIT","job_ticket_or_work_order_id":"2892993","job_id":"PC8017561","job_progress":"4","bbl":"3015990157","boro_code":"3","block":"01599","lot":"0157","house_number":"1075","street_name":"DEKALB AVENUE","zip_code":"11221","latitude":"40.693555016677","longitude":"-73.932403479614","borough":"Brooklyn","inspection_date":"2023-04-08T12:45:00.000","result":"Bait applied","approved_date":"2023-04-11T09:25:17.000","location":{"latitude":"40.693555016677","longitude":"-73.932403479614","human_address":"{\"address\": \"\", \"city\": \"\", \"state\": \"\", \"zip\": \"\"}"}}
,{"inspection_type":"BAIT","job_ticket_or_work_order_id":"2893030","job_id":"PC7930791","job_progress":"9","bbl":"3012330015","boro_code":"3","block":"01233","lot":"0015","borough":"Brooklyn","inspection_date":"2023-04-09T10:10:00.000","result":"Bait applied","approved_date":"2023-04-11T09:13:03.000"}
,{"inspection_type":"BAIT","job_ticket_or_work_order_id":"2893037","job_id":"PC7986743","job_progress":"4","bbl":"3012590047","boro_code":"3","block":"01259","lot":"0047","house_number":"377","street_name":"Eastern Parkway","zip_code":"11216","latitude":"40.670323847424","longitude":"-73.956269585266","borough":"Brooklyn","inspection_date":"2023-04-09T13:55:00.000","result":"Monitoring visit","approved_date":"2023-04-11T09:09:55.000","location":{"latitude":"40.670323847424","longitude":"-73.956269585266","human_address":"{\"address\": \"\", \"city\": \"\", \"state\": \"\", \"zip\": \"\"}"}}
,{"inspection_type":"BAIT","job_ticket_or_work_order_id":"2893038","job_id":"PC7986742","job_progress":"4","bbl":"3012470070","boro_code":"3","block":"01247","lot":"0070","house_number":"775","street_name":"Saint Johns Place","zip_code":"11216","latitude":"40.671760621387","longitude":"-73.952526725781","borough":"Brooklyn","inspection_date":"2023-04-09T13:30:00.000","result":"Bait applied","approved_date":"2023-04-11T09:09:44.000","location":{"latitude":"40.671760621387","longitude":"-73.952526725781","human_address":"{\"address\": \"\", \"city\": \"\", \"state\": \"\", \"zip\": \"\"}"}}
,{"inspection_type":"BAIT","job_ticket_or_work_order_id":"2893041","job_id":"PC8001399","job_progress":"9","bbl":"3012270054","boro_code":"3","block":"01227","lot":"0054","house_number":"855","street_name":"PROSPECT PLACE","zip_code":"11216","latitude":"40.674218109474","longitude":"-73.948292629293","borough":"Brooklyn","inspection_date":"2023-04-09T08:50:00.000","result":"Monitoring visit","approved_date":"2023-04-11T09:08:13.000","location":{"latitude":"40.674218109474","longitude":"-73.948292629293","human_address":"{\"address\": \"\", \"city\": \"\", \"state\": \"\", \"zip\": \"\"}"}}
,{"inspection_type":"BAIT","job_ticket_or_work_order_id":"2893184","job_id":"PC7795167","job_progress":"9","bbl":"2025060131","boro_code":"2","block":"02506","lot":"0131","house_number":"1226","street_name":"SHAKESPEARE AVENUE","zip_code":"10452","latitude":"40.837690197195","longitude":"-73.923257724172","borough":"Bronx","inspection_date":"2023-04-10T13:17:00.000","result":"Bait applied","approved_date":"2023-04-11T08:55:43.000","location":{"latitude":"40.837690197195","longitude":"-73.923257724172","human_address":"{\"address\": \"\", \"city\": \"\", \"state\": \"\", \"zip\": \"\"}"}}
,{"inspection_type":"BAIT","job_ticket_or_work_order_id":"2893187","job_id":"PC7795224","job_progress":"9","bbl":"2025160001","boro_code":"2","block":"02516","lot":"0001","house_number":"1164","street_name":"OGDEN AVENUE","zip_code":"10452","latitude":"40.837050387065","longitude":"-73.927031395663","borough":"Bronx","inspection_date":"2023-04-10T11:25:00.000","result":"Bait applied","approved_date":"2023-04-11T08:53:24.000","location":{"latitude":"40.837050387065","longitude":"-73.927031395663","human_address":"{\"address\": \"\", \"city\": \"\", \"state\": \"\", \"zip\": \"\"}"}}
,{"inspection_type":"BAIT","job_ticket_or_work_order_id":"2893188","job_id":"PC7818127","job_progress":"9","bbl":"2025230043","boro_code":"2","block":"02523","lot":"0043","house_number":"903","street_name":"SUMMIT AVENUE","zip_code":"10452","latitude":"40.830943340926","longitude":"-73.931486442252","borough":"Bronx","inspection_date":"2023-04-10T09:54:00.000","result":"Monitoring visit","approved_date":"2023-04-11T08:53:11.000","location":{"latitude":"40.830943340926","longitude":"-73.931486442252","human_address":"{\"address\": \"\", \"city\": \"\", \"state\": \"\", \"zip\": \"\"}"}}
,{"inspection_type":"BAIT","job_ticket_or_work_order_id":"2893189","job_id":"PC7817798","job_progress":"9","bbl":"2025230071","boro_code":"2","block":"02523","lot":"0071","house_number":"927","street_name":"SUMMIT AVENUE","zip_code":"10452","latitude":"40.831533263059","longitude":"-73.931156993281","borough":"Bronx","inspection_date":"2023-04-10T09:20:00.000","result":"Bait applied","approved_date":"2023-04-11T08:51:09.000","location":{"latitude":"40.831533263059","longitude":"-73.931156993281","human_address":"{\"address\": \"\", \"city\": \"\", \"state\": \"\", \"zip\": \"\"}"}}
,{"inspection_type":"BAIT","job_ticket_or_work_order_id":"2893190","job_id":"PC7818017","job_progress":"9","bbl":"2025230161","boro_code":"2","block":"02523","lot":"0161","house_number":"993","street_name":"SUMMIT AVENUE","zip_code":"10452","latitude":"40.83292711514","longitude":"-73.930367760367","borough":"Bronx","inspection_date":"2023-04-10T08:59:00.000","result":"Bait applied","approved_date":"2023-04-11T08:50:46.000","location":{"latitude":"40.83292711514","longitude":"-73.930367760367","human_address":"{\"address\": \"\", \"city\": \"\", \"state\": \"\", \"zip\": \"\"}"}}
,{"inspection_type":"BAIT","job_ticket_or_work_order_id":"2893191","job_id":"PC7817966","job_progress":"9","bbl":"2025240010","boro_code":"2","block":"02524","lot":"0010","house_number":"918","street_name":"SUMMIT AVENUE","zip_code":"10452","latitude":"40.831393313882","longitude":"-73.931211342786","borough":"Bronx","inspection_date":"2023-04-10T09:33:00.000","result":"Bait applied","approved_date":"2023-04-11T08:50:27.000","location":{"latitude":"40.831393313882","longitude":"-73.931211342786","human_address":"{\"address\": \"\", \"city\": \"\", \"state\": \"\", \"zip\": \"\"}"}}
,{"inspection_type":"Initial","job_ticket_or_work_order_id":"13623686","job_id":"PC8084760","job_progress":"1","bbl":"5055330127","boro_code":"5","block":"05533","lot":"0127","house_number":"758","street_name":"ARTHUR KILL ROAD","zip_code":"10312","latitude":"40.560310439142","longitude":"-74.166106828692","borough":"Staten Island","inspection_date":"2023-04-18T11:25:23.000","result":"Rat Activity","approved_date":"2023-04-19T10:14:17.000","location":{"latitude":"40.560310439142","longitude":"-74.166106828692","human_address":"{\"address\": \"\", \"city\": \"\", \"state\": \"\", \"zip\": \"\"}"}}
,{"inspection_type":"Initial","job_ticket_or_work_order_id":"13623681","job_id":"PC8084594","job_progress":"1","bbl":"5055340018","boro_code":"5","block":"05534","lot":"0018","house_number":"77","street_name":"GETZ AVENUE","zip_code":"10312","latitude":"40.558396873831","longitude":"-74.166411548878","borough":"Staten Island","inspection_date":"2023-04-18T10:30:23.000","result":"Passed","approved_date":"2023-04-19T10:06:35.000","location":{"latitude":"40.558396873831","longitude":"-74.166411548878","human_address":"{\"address\": \"\", \"city\": \"\", \"state\": \"\", \"zip\": \"\"}"}}
,{"inspection_type":"CLEAN_UPS","job_ticket_or_work_order_id":"2894778","job_id":"PC8050871","job_progress":"4","bbl":"4059950085","boro_code":"4","block":"05995","lot":"0085","house_number":"209-19","street_name":"28 ROAD","zip_code":"11360","latitude":"40.774570320411","longitude":"-73.781231563578","borough":"Queens","inspection_date":"2023-04-18T11:30:00.000","result":"Cleanup done","approved_date":"2023-04-19T14:32:20.000","location":{"latitude":"40.774570320411","longitude":"-73.781231563578","human_address":"{\"address\": \"\", \"city\": \"\", \"state\": \"\", \"zip\": \"\"}"}}
,{"inspection_type":"BAIT","job_ticket_or_work_order_id":"2894909","job_id":"PC7884918","job_progress":"4","bbl":"4011860019","boro_code":"4","block":"01186","lot":"0019","house_number":"68-22","street_name":"Northern Boulevard","zip_code":"11377","latitude":"40.75423817425","longitude":"-73.897792404883","borough":"Queens","inspection_date":"2023-04-18T11:15:01.000","result":"Bait applied","approved_date":"2023-04-19T13:05:56.000","location":{"latitude":"40.75423817425","longitude":"-73.897792404883","human_address":"{\"address\": \"\", \"city\": \"\", \"state\": \"\", \"zip\": \"\"}"}}
,{"inspection_type":"BAIT","job_ticket_or_work_order_id":"2894921","job_id":"PC8031738","job_progress":"6","bbl":"4012230025","boro_code":"4","block":"01223","lot":"0025","house_number":"65-23","street_name":"ROOSEVELT AVENUE","zip_code":"11377","latitude":"40.746138727464","longitude":"-73.898183820382","borough":"Queens","inspection_date":"2023-04-18T10:58:01.000","result":"Monitoring visit","approved_date":"2023-04-19T13:05:50.000","location":{"latitude":"40.746138727464","longitude":"-73.898183820382","human_address":"{\"address\": \"\", \"city\": \"\", \"state\": \"\", \"zip\": \"\"}"}}
,{"inspection_type":"BAIT","job_ticket_or_work_order_id":"2894922","job_id":"PC8031735","job_progress":"4","bbl":"4013400009","boro_code":"4","block":"01340","lot":"0009","house_number":"43-15","street_name":"63 STREET","zip_code":"11377","latitude":"40.741994925371","longitude":"-73.902250013541","borough":"Queens","inspection_date":"2023-04-18T10:40:01.000","result":"Bait applied","approved_date":"2023-04-19T13:05:49.000","location":{"latitude":"40.741994925371","longitude":"-73.902250013541","human_address":"{\"address\": \"\", \"city\": \"\", \"state\": \"\", \"zip\": \"\"}"}}]
